Song Name,Release Year,Producer
742617000027,1999,Ross Robinson
(sic),1999,Ross Robinson
Eyeless,1999,Ross Robinson
Wait and Bleed,1999,Ross Robinson
Surfacing,1999,Ross Robinson
Spit It Out,1999,Ross Robinson
Tattered & Torn,1996,Sean McMahon
Frail Limb Nursery,1996,Sean McMahon
Purity,1999,Ross Robinson
Liberate,2001,David Bottrill
Prosthetics,1999,Ross Robinson
No Life,1999,Ross Robinson
Diluted,1999,Ross Robinson
Only One,1999,Ross Robinson
Scissors,1999,Ross Robinson
Get This,1999,Ross Robinson
Interloper,1996,Sean McMahon
Despise,1999,Ross Robinson
(515),2001,Rick Rubin
People = Shit,2001,Rick Rubin
Disasterpiece,2001,Rick Rubin
My Plague,2001,Rick Rubin
Everything Ends,2001,Rick Rubin
The Heretic Anthem,2001,Rick Rubin
Gently,2001,Rick Rubin
Left Behind,2001,Rick Rubin
The Shape,2001,Rick Rubin
I Am Hated,2001,Rick Rubin
Skin Ticket,2001,Rick Rubin
New Abortion,2001,Rick Rubin
Metabolic,2001,Rick Rubin
Iowa,2001,Rick Rubin
742617000027,2001,Rick Rubin
Eyeless,2001,Rick Rubin
Wait and Bleed,2001,Rick Rubin
The Blister Exists,2004,Rick Rubin
Three Nil,2004,Rick Rubin
Duality,2004,Rick Rubin
Opium of the People,2004,Rick Rubin
Circle,2004,Rick Rubin
Welcome,2004,Rick Rubin
Vermilion,2004,Rick Rubin
Pulse of the Maggots,2004,Rick Rubin
Before I Forget,2004,Rick Rubin
Vermilion Pt. 2,2004,Rick Rubin
The Nameless,2004,Rick Rubin
The Virus of Life,2004,Rick Rubin
Danger - Keep Away,2004,Rick Rubin
Eyeless,2004,Rick Rubin
Wait and Bleed,2004,Rick Rubin
Sulfur,2008,Dave Fortman
Psychosocial,2008,Dave Fortman
Dead Memories,2008,Dave Fortman
Vendetta,2008,Dave Fortman
Butcher's Hook,2008,Dave Fortman
Gehenna,2008,Dave Fortman
This Cold Black,2008,Dave Fortman
Wherein Lies Continue,2008,Dave Fortman
Snuff,2008,Dave Fortman
All Hope Is Gone,2008,Dave Fortman
Gematria (The Killing Name),2008,Dave Fortman
Vermilion,2008,Dave Fortman
Vermilion Pt. 2,2008,Dave Fortman
Scream,2008,Dave Fortman
Child of Burning Time,2008,Dave Fortman
Til We Die,2008,Dave Fortman
XIX,2014,Greg Fidelman
Sarcastrophe,2014,Greg Fidelman
AOV,2014,Greg Fidelman
The Devil in I,2014,Greg Fidelman
Killpop,2014,Greg Fidelman
Skeptic,2014,Greg Fidelman
Lech,2014,Greg Fidelman
Goodbye,2014,Greg Fidelman
Nomadic,2014,Greg Fidelman
The One That Kills the Least,2014,Greg Fidelman
Custer,2014,Greg Fidelman
Be Prepared for Hell,2014,Greg Fidelman
The Negative One,2014,Greg Fidelman
If Rain Is What You Want,2014,Greg Fidelman
Override,2014,Greg Fidelman
The Burden,2014,Greg Fidelman
Insert Coin,2019,Greg Fidelman
Unsainted,2019,Greg Fidelman
Birth of the Cruel,2019,Greg Fidelman
Death Because of Death,2019,Greg Fidelman
Nero Forte,2019,Greg Fidelman
Critical Darling,2019,Greg Fidelman
A Liar's Funeral,2019,Greg Fidelman
Red Flag,2019,Greg Fidelman
What's Next,2019,Greg Fidelman
Spiders,2019,Greg Fidelman
Orphan,2019,Greg Fidelman
My Pain,2019,Greg Fidelman
Not Long for This World,2019,Greg Fidelman
Solway Firth,2019,Greg Fidelman
Adderall,2022,Ross Robinson
The Dying Song (Time to Sing),2022,Ross Robinson
The Chapeltown Rag,2022,Ross Robinson
Yen,2022,Ross Robinson
Hive Mind,2022,Ross Robinson
Warranty,2022,Ross Robinson
Medicine for the Dead,2022,Ross Robinson
Acidic,2022,Ross Robinson
Heirloom,2022,Ross Robinson
H377,2022,Ross Robinson
De Sade,2022,Ross Robinson
Finale,2022,Ross Robinson